arquivo,tipo_sistema,sem_aterramento,tipo_falta,m1,t_falta,800_I_pico_max,818_I_pico_max,820_I_pico_max,822_I_pico_max,800_I0,800_I1,800_I2,818_I0,818_I1,818_I2,820_I0,820_I1,820_I2,822_I0,822_I1,822_I2
MRT__A_818_1_-_Falta_A_py,MRT,False,A-G,0.5,0.0,209.38238319765208,192.85130815107465,10.623651173781987,5.311676184080343,,,,,,,,,,,,
MRT__A_818_2_-_Falta_A_py,MRT,False,A-G,0.5,5e-05,233.97145989995082,215.40330803643454,10.646249328854463,5.322553630044709,,,,,,,,,,,,
MRT__A_820_-_Falta_A_py,MRT,False,A-G,0.5,0.0,209.38238319765208,192.85130815107465,191.3536499146239,5.311676184080343,,,,,,,,,,,,
MRT__A_822_-_Falta_A_py,MRT,False,A-G,0.5,5e-05,203.49239702902983,187.44961888775416,185.9057905839379,183.16920287736897,,,,,,,,,,,,
MRT__Sem_Falta_py,MRT,False,Normal,0.5,5e-05,14.861901742090858,14.598416941545766,11.613134852222009,5.827090207648753,,,,,,,,,,,,
MRT_sem_terra__A_818_1_-_Falta_A_py,MRT,True,A-G,0.5,0.0,3.5734092339933867,3.079127115714622,10.579966286126595,5.289347424819372,,,,,,,,,,,,
MRT_sem_terra__A_818_2_-_Falta_A_py,MRT,True,A-G,0.5,0.0,3.563207753540547,3.0788490587903943,10.584470379114522,5.289145590313916,,,,,,,,,,,,
MRT_sem_terra__A_820_-_Falta_A_py,MRT,True,A-G,0.5,0.0,3.5734092339933867,3.079127115714622,4.790339969233553,5.289347424819372,,,,,,,,,,,,
MRT_sem_terra__A_822_-_Falta_A_py,MRT,True,A-G,0.5,0.0,3.5907061181784434,3.106968799309632,4.809851951361968,9.63837783548244,,,,,,,,,,,,
MRT_sem_terra__Sem_Falta_py,MRT,True,Normal,0.5,5e-05,11.833287424405144,14.238653328125533,10.350778889037345,5.304996083198677,,,,,,,,,,,,
MRT_SR__A_818_1_-_Falta_A_py,MRT,False,A-G,0.5,0.0,200.7136718222028,201.26614632874438,10.632923956357592,5.316468461208783,,,,,,,,,,,,
MRT_SR__A_818_2_-_Falta_A_py,MRT,False,A-G,0.5,5e-05,226.4750420352204,226.97854246511048,10.658856679615301,5.32908327221213,,,,,,,,,,,,
MRT_SR__A_820_-_Falta_A_py,MRT,False,A-G,0.5,0.0,200.7136718222028,201.26614632874438,199.69518341327105,5.316468461208783,,,,,,,,,,,,
MRT_SR__A_822_-_Falta_A_py,MRT,False,A-G,0.5,5e-05,194.62040957352033,195.18486014493152,193.57001939098234,190.70217730244434,,,,,,,,,,,,
MRT_SR__Sem_Falta_py,MRT,False,Normal,0.5,5e-05,13.906020576763199,14.757371141866221,11.827729006841507,5.9342400087132,,,,,,,,,,,,
MRT_SR_sem_terra__A_818_1_-_Falta_A_py,MRT,True,A-G,0.5,0.0,3.6532489848103165,3.3535312539407927,10.579938051423133,5.28933378777783,,,,,,,,,,,,
MRT_SR_sem_terra__A_818_2_-_Falta_A_py,MRT,True,A-G,0.5,0.0,3.650837549729947,3.3668659870811517,10.58464479326266,5.289131901113705,,,,,,,,,,,,
MRT_SR_sem_terra__A_820_-_Falta_A_py,MRT,True,A-G,0.5,0.0,3.6532489848103165,3.3535312539407927,5.059857039801353,5.28933378777783,,,,,,,,,,,,
MRT_SR_sem_terra__A_822_-_Falta_A_py,MRT,True,A-G,0.5,0.0,3.6609641880012163,3.3637568791793333,5.070462508487832,9.872330743899433,,,,,,,,,,,,
MRT_SR_sem_terra__Sem_Falta_py,MRT,True,Normal,0.5,5e-05,10.491298240782731,13.95018001153183,10.387531308524876,5.306956311407108,,,,,,,,,,,,
Qualificacao__R_818_1_-_Falta_AB_py,T2F,False,AB,0.5,0.25,113.29436920090478,163.86432266863963,9.473694079037971,9.469885699513014,1.5579795235713376,56.81674954130959,44.33157057604898,3.813121888912319e-13,95.46968630515818,74.95328126922911,1.420653652514262e-13,7.945625536187353,1.6849847262113844,9.53752732594522e-14,7.939604973897311,1.6836976398394627
Qualificacao__R_818_1_-_Falta_ABC_py,T2F,False,ABC,0.5,0.25,113.26607346733852,192.82167146472545,9.449056646486548,9.4454831041964,1.5558443707929317,93.58687936648607,7.701257028133074,1.224392027770825e-12,160.04795443449413,10.641367827581414,1.4374259104649682e-13,6.577785755010386,0.3761094238098725,1.2745592422957945e-13,6.572804067239989,0.3758358087863881
Qualificacao__R_818_1_-_Falta_AC_py,T2F,False,AC,0.5,0.25,94.45912073869322,147.46093912538097,9.449037826187679,9.445464291324035,0.7631715967575163,51.36502072688083,38.59133284892466,8.428080561703687e-14,87.7054648609853,67.33538992082197,9.126750572165346e-14,7.748871449993145,1.7073773672553292,5.5503058349065254e-14,7.743002145917833,1.7060853289960305
Qualificacao__R_818_1_-_Falta_BC_py,T2F,False,BC,0.5,0.25,88.68563057652021,135.10038936820675,10.73257927127142,10.724021466691363,0.722328024252286,51.44440942036035,37.91450245466215,2.813605685961325e-13,87.87836844232538,66.45736620042811,1.4196198381293696e-14,7.809764268500939,2.0753313897654215,5.5410795041533125e-14,7.803852159529542,2.0737719283834952
Qualificacao__R_818_2_-_Falta_AB_py,T2F,False,AB,0.5,0.25,128.27816627212616,21.44032562474677,9.44908731773903,9.445513763668336,1.8216733832548526,90.04209512024207,33.31468849872006,7.878701081754327e-13,15.246819205565743,3.3995225937587104,1.2710066279746093e-13,6.730594953718133,1.4904476561677944,9.618835143867722e-14,6.725497668954117,1.4893216300220813
Qualificacao__R_818_2_-_Falta_ABC_py,T2F,False,ABC,0.5,0.25,168.59879645425428,21.44012726050141,9.448999819609263,9.445426298300056,2.256208784232536,133.7568504341321,13.921852812597383,5.928293590924597e-13,11.127549147891544,0.8918095598279177,1.2463242337641402e-13,4.911145532374867,0.3840945621195477,1.4899301456970712e-13,4.907426290993159,0.38381241515492176
Qualificacao__R_818_2_-_Falta_AC_py,T2F,False,AC,0.5,0.25,128.69967158715292,21.44004161260855,9.448961856367049,9.445388349985821,1.029710775784662,69.93738233975006,57.23643175186001,8.831558793521971e-14,15.39899371221936,5.696302266946012,9.674906955893878e-14,6.794009503021511,2.5211787442232825,4.74030418403622e-14,6.788863635641157,2.519270517228198
Qualificacao__R_818_2_-_Falta_BC_py,T2F,False,BC,0.5,0.25,128.8969883331088,21.440326981628516,9.449087909764554,9.44551435549365,1.8293473051363696,90.18308157569783,33.55273897486115,5.752501846514237e-13,15.279664534956652,3.4339920260403103,1.7507512683524472e-13,6.745066542850374,1.5055359724815152,1.0747121995300695e-13,6.739958340397671,1.5043986859818799
Qualificacao__R_818_2_Meio_-_Falta_AB__m10p01_py,T2F,False,AB,0.01,0.25,15.005538014219315,23.831987606360585,10.496152707999489,10.487682595627913,0.21555464508389066,12.965356171258735,0.5000303730327532,4.7899458423133207e-14,21.011467578569025,0.34981512590306596,3.3755973574849027e-15,9.27386676400784,0.14037449093886978,1.4482725902850536e-14,9.266828101837762,0.14027922218707484
Qualificacao__R_818_2_Meio_-_Falta_AB__m10p50_py,T2F,False,AB,0.5,0.25,15.0053273523478,23.83163587467584,10.496033653054127,10.487586147536112,0.21555668242221238,12.965216927922881,0.49996664015149866,4.1739136114380216e-14,21.01124241361465,0.34971050489674266,3.0315391380987954e-14,9.273790546714466,0.1403397569354098,2.1620451242961953e-14,9.266766380632406,0.14025120197399896
Qualificacao__R_818_2_Meio_-_Falta_AB__m10p99_py,T2F,False,AB,0.99,0.25,15.005113610430215,23.831289783555523,10.495917478345518,10.487492577513468,0.21555188840901643,12.965081127256987,0.49990240273250836,4.1363651340430316e-14,21.01102030312954,0.34960859699234026,8.70737033282198e-15,9.273715899088213,0.1403063857309187,1.49824815414945e-14,9.266706227673373,0.1402245432528918
Qualificacao__R_818_2_Meio_-_Falta_ABC__m10p01_py,T2F,False,ABC,0.01,0.25,15.005538014219315,23.831987606360585,10.496152707999489,10.487682595627913,0.21555464508389066,12.965356171258735,0.5000303730327532,4.7899458423133207e-14,21.011467578569025,0.34981512590306596,3.3755973574849027e-15,9.27386676400784,0.14037449093886978,1.4482725902850536e-14,9.266828101837762,0.14027922218707484
Qualificacao__R_818_2_Meio_-_Falta_ABC__m10p50_py,T2F,False,ABC,0.5,0.25,15.0053273523478,23.83163587467584,10.496033653054127,10.487586147536112,0.21555668242221238,12.965216927922881,0.49996664015149866,4.1739136114380216e-14,21.01124241361465,0.34971050489674266,3.0315391380987954e-14,9.273790546714466,0.1403397569354098,2.1620451242961953e-14,9.266766380632406,0.14025120197399896
Qualificacao__R_818_2_Meio_-_Falta_ABC__m10p99_py,T2F,False,ABC,0.99,0.25,15.005113610430215,23.831289783555523,10.495917478345518,10.487492577513468,0.21555188840901643,12.965081127256987,0.49990240273250836,4.1363651340430316e-14,21.01102030312954,0.34960859699234026,8.70737033282198e-15,9.273715899088213,0.1403063857309187,1.49824815414945e-14,9.266706227673373,0.1402245432528918
Qualificacao__R_818_2_Meio_-_Falta_AC__m10p01_py,T2F,False,AC,0.01,0.25,15.005538014219315,23.831987606360585,10.496152707999489,10.487682595627913,0.21555464508389066,12.965356171258735,0.5000303730327532,4.7899458423133207e-14,21.011467578569025,0.34981512590306596,3.3755973574849027e-15,9.27386676400784,0.14037449093886978,1.4482725902850536e-14,9.266828101837762,0.14027922218707484
Qualificacao__R_818_2_Meio_-_Falta_AC__m10p50_py,T2F,False,AC,0.5,0.25,15.0053273523478,23.83163587467584,10.496033653054127,10.487586147536112,0.21555668242221238,12.965216927922881,0.49996664015149866,4.1739136114380216e-14,21.01124241361465,0.34971050489674266,3.0315391380987954e-14,9.273790546714466,0.1403397569354098,2.1620451242961953e-14,9.266766380632406,0.14025120197399896
Qualificacao__R_818_2_Meio_-_Falta_AC__m10p99_py,T2F,False,AC,0.99,0.25,15.005113610430215,23.831289783555523,10.495917478345518,10.487492577513468,0.21555188840901643,12.965081127256987,0.49990240273250836,4.1363651340430316e-14,21.01102030312954,0.34960859699234026,8.70737033282198e-15,9.273715899088213,0.1403063857309187,1.49824815414945e-14,9.266706227673373,0.1402245432528918
Qualificacao__R_818_2_Meio_-_Falta_BC__m10p01_py,T2F,False,BC,0.01,0.25,15.005538014219315,23.831987606360585,10.496152707999489,10.487682595627913,0.21555464508389066,12.965356171258735,0.5000303730327532,4.7899458423133207e-14,21.011467578569025,0.34981512590306596,3.3755973574849027e-15,9.27386676400784,0.14037449093886978,1.4482725902850536e-14,9.266828101837762,0.14027922218707484
Qualificacao__R_818_2_Meio_-_Falta_BC__m10p50_py,T2F,False,BC,0.5,0.25,15.0053273523478,23.83163587467584,10.496033653054127,10.487586147536112,0.21555668242221238,12.965216927922881,0.49996664015149866,4.1739136114380216e-14,21.01124241361465,0.34971050489674266,3.0315391380987954e-14,9.273790546714466,0.1403397569354098,2.1620451242961953e-14,9.266766380632406,0.14025120197399896
Qualificacao__R_818_2_Meio_-_Falta_BC__m10p99_py,T2F,False,BC,0.99,0.25,15.005113610430215,23.831289783555523,10.495917478345518,10.487492577513468,0.21555188840901643,12.965081127256987,0.49990240273250836,4.1363651340430316e-14,21.01102030312954,0.34960859699234026,8.70737033282198e-15,9.273715899088213,0.1403063857309187,1.49824815414945e-14,9.266706227673373,0.1402245432528918
Qualificacao__R_820_-_Falta_AB_py,T2F,False,AB,0.5,0.25,85.75677562402386,123.97889299874835,9.503905341152425,9.500057957891455,1.1828550809201381,44.568123701093086,32.09123068033058,1.9033193581735746e-13,74.62451559089656,54.123732382277666,7.466629306199868e-14,7.191674978237909,2.178918444389944,1.9177822264713958e-13,7.18622409167125,2.177255896969786
Qualificacao__R_820_-_Falta_ABC_py,T2F,False,ABC,0.5,0.25,85.75791837510434,145.72999775075317,9.44899579456116,9.445422274812755,1.1813625895598068,76.11518176680742,1.2410498099777587,5.791492380762188e-13,130.08765172749264,2.5918954077252763,4.352703589160097e-14,5.475649306792557,0.1115360475114932,4.01299770124375e-13,5.47150164332311,0.11144551033601419
Qualificacao__R_820_-_Falta_AC_py,T2F,False,AC,0.5,0.25,78.27022805453743,122.01386280398721,9.464312518592102,9.457152035253115,0.6397808450466187,44.500093293030666,31.253208793975848,3.9766708554913713e-13,75.85618950640794,54.60576077500176,6.785706377213095e-14,7.3751739818114705,2.3460866574980517,2.2890586350946413e-14,7.3695880109363845,2.3443115463919577
Qualificacao__R_820_-_Falta_BC_py,T2F,False,BC,0.5,0.25,75.42559052224325,115.10494349223923,10.35790756888765,10.34952656178251,0.6203534178095036,44.56794489485016,31.43095887855869,8.708779504166006e-14,75.99869002373099,55.14450731966851,2.1171549105416818e-13,7.255903793104531,2.2275952531678294,2.2498279930587187e-13,7.250411210347493,2.225918675061022
Qualificacao__R_820_Meio_-_Falta_AB__m10p01_py,T2F,False,AB,0.01,0.25,88.52983576458443,134.86519531311305,10.728480295608087,10.719900590998936,0.721126268411681,51.363796554679006,37.83817396083734,7.406174928171367e-13,87.73907832576946,66.32416481312774,1.274604801488336e-13,7.803384903779532,2.0769189081443304,2.321412599741321e-13,7.797464201040145,2.0753495964215807
Qualificacao__R_820_Meio_-_Falta_AB__m10p50_py,T2F,False,AB,0.5,0.25,81.51253433759425,124.27988180460328,10.53364600774193,10.5251795958577,0.6671239508786408,47.72633995158616,34.40602142312442,2.4453867314643777e-13,81.45511050097004,60.335468965945076,6.338110598453918e-14,7.511431950055241,2.1525638787171935,1.2778319226705064e-13,7.505745806688944,2.150944915262203
Qualificacao__R_820_Meio_-_Falta_AB__m10p99_py,T2F,False,AB,0.99,0.25,75.53777943423681,115.27416294856839,10.361094512675951,10.352734923271237,0.6212171861889842,44.62609415450557,31.485868541920926,3.9419293256754497e-13,76.09916573971645,55.24031321375113,4.8627036210292105e-14,7.26059437561636,2.226079051233999,7.155902005349076e-14,7.255110823045208,2.224411890972114
Qualificacao__R_820_Meio_-_Falta_ABC__m10p01_py,T2F,False,ABC,0.01,0.25,112.90121548436447,192.20605089432075,9.449105614836894,9.445522713636333,1.5508793335173288,93.36696487159514,7.589954128702942,7.899781059538391e-13,159.6710899042674,10.45355694182444,2.0364523552196647e-13,6.563921572435229,0.36924385345422284,2.95113532323805e-13,6.558939977295871,0.3689702277783984
Qualificacao__R_820_Meio_-_Falta_ABC__m10p50_py,T2F,False,ABC,0.5,0.25,97.55692787858204,166.10095600630862,9.449025599416132,9.445452068589132,1.342041686163524,83.8495530627163,3.2308801663088906,9.486004247497248e-13,143.35612208733966,3.1035255196160154,6.015328188085077e-14,5.962643699998379,0.10395213864505327,3.290317130811931e-13,5.958127476067858,0.10388383264429187
Qualificacao__R_820_Meio_-_Falta_ABC__m10p99_py,T2F,False,ABC,0.99,0.25,85.96417548419029,146.08841664894268,9.448948020132454,9.445383858672631,1.1841715926766672,76.2539937932299,1.2380179817379888,3.1599408279055137e-13,130.32589767768758,2.5185506994875366,1.4698212391438162e-13,5.484381242163156,0.10889703103415116,2.164067674935335e-13,5.480235409646435,0.10880625541226206
Qualificacao__R_820_Meio_-_Falta_AC__m10p01_py,T2F,False,AC,0.01,0.25,94.26816678990927,147.1610310118259,9.449086865954072,9.445503972154807,0.7617078352705259,51.28452008448045,38.5048549661647,1.3433663935309168e-13,87.5665073404944,67.18534795246633,5.586038968900555e-15,7.744285051234572,1.7149907149455712,1.9147427561256946e-13,7.738407199088062,1.7136909398590685
Qualificacao__R_820_Meio_-_Falta_AC__m10p50_py,T2F,False,AC,0.5,0.25,85.7150770494201,133.73071929897395,9.449013064813506,9.445439539238556,0.6961611423855913,47.65277096554709,34.61745699361129,8.87129552478015e-13,81.29805783103156,60.44141255544544,1.1420415032241932e-13,7.540958123834941,2.0552781760566687,1.7256229642612945e-13,7.535246407011196,2.053722907394272
Qualificacao__R_820_Meio_-_Falta_AC__m10p99_py,T2F,False,AC,0.99,0.25,78.40457099574654,122.22456563970258,9.46184788780629,9.454706008667337,0.6408135276151797,44.558128692881475,31.315210814168157,2.6612436763007746e-14,75.9563873065371,54.71331462025583,6.431104162476358e-14,7.37809193932343,2.3407240521458483,5.611088596652836e-14,7.372515275968289,2.338956112262924
Qualificacao__R_820_Meio_-_Falta_BC__m10p01_py,T2F,False,BC,0.01,0.25,112.92907315947271,163.335019848376,9.474106090048368,9.470287669422797,1.5530071241193977,56.654414426126614,44.16925292779275,2.714469841441546e-13,95.19338100598384,74.67704021044429,2.2806381898426803e-13,7.9356318122661405,1.6902028119768295,9.786321906335156e-14,7.9296074075402965,1.6889125363296678
Qualificacao__R_820_Meio_-_Falta_BC__m10p50_py,T2F,False,BC,0.5,0.25,97.56735131926723,141.07979379260235,9.490216336885629,9.486390521355466,1.3438042647600077,49.82348339843462,37.34286008757137,1.1048964926632956e-12,83.5680406349123,63.06043580566162,2.38788070768813e-13,7.514004879634836,1.945744203231956,9.95966245768187e-14,7.50831044506727,1.9442584995989922
Qualificacao__R_820_Meio_-_Falta_BC__m10p99_py,T2F,False,BC,0.99,0.25,85.96322005248146,124.27767498217504,9.503604964231073,9.499767506239994,1.1856678147241428,44.6599691577726,32.183084982519546,2.040715421208476e-13,74.78083311930565,54.28006293319938,1.2501494691362027e-13,7.197279956492159,2.174606171704164,2.186533003770265e-13,7.191834556103186,2.172946022997989
Qualificacao__R_822_-_Falta_AB_py,T2F,False,AB,0.5,0.1608,80.67737278085282,116.64548644293156,108.61395083732859,108.60720387728996,0.23339971725980888,13.533688358090892,1.9695889237913315,4.4938668397781776e-14,21.699373362795328,3.273154250945503,2.2267530274757715e-14,10.321354456679028,3.437051618064012,2.222616091662561e-14,10.31694711362145,3.437232802885252
Qualificacao__R_822_-_Falta_ABC_py,T2F,False,ABC,0.5,0.15925,80.68282475351417,136.89366284453422,129.02807882567987,129.0228438615543,0.21477339594464873,14.020573727927541,0.6279437383909391,1.350238942993961e-14,22.858955022522327,1.6478566462701782,1.1124904984223802e-14,11.268782015544176,1.9870689279466613,1.3557455178480059e-14,11.265228512936991,1.9872223641677138
Qualificacao__R_822_-_Falta_AC_py,T2F,False,AC,0.5,0.15955,74.9213095656054,116.79791681145592,108.68870601249378,108.6847941329276,0.22034224726099746,14.297268531348925,1.1602099444984815,1.6161701978437983e-14,23.46117429857043,2.301605640460537,1.9198264118445578e-14,11.903071958650791,2.6031196784107715,1.3647667377389076e-14,11.899734563652473,2.603251813430052
Qualificacao__R_822_-_Falta_BC_py,T2F,False,BC,0.5,0.15940000000000001,72.55647789076777,110.71040383590254,104.04914178343549,104.04633581811038,0.21199788413081042,14.02606612468101,0.8890056677016042,3.482948133128792e-14,22.74318687210206,2.0597773173090026,1.3110454840564811e-14,11.20473151323203,2.4221786611990153,1.9252973127342807e-14,11.20097645161239,2.422327727324086
Qualificacao__R_822_Meio_-_Falta_AB__m10p01_py,T2F,False,AB,0.01,0.25,75.39616651072348,115.05966179849072,108.54869410276866,10.348650138154426,0.6201492867859008,44.55300111593087,31.41629439000234,1.6821181157491292e-13,75.97284987618984,55.11887721015849,1.2541744633526952e-13,66.81148736077867,57.68251281378756,6.661338147750939e-15,7.2490116709763965,2.2264316776695363
Qualificacao__R_822_Meio_-_Falta_AB__m10p50_py,T2F,False,AB,0.5,0.25,73.9608976377397,112.86131688200221,106.27459734867611,10.301474752339425,0.6098332532643174,43.81899771918121,30.705400536156255,2.9846554150525365e-13,74.7048756179184,53.877318144461476,1.2754632448601208e-13,65.4795950013701,56.38521911489504,2.9920658588791126e-13,7.179511815419331,2.2490700283629055
Qualificacao__R_822_Meio_-_Falta_AB__m10p99_py,T2F,False,AB,0.99,0.25,72.58348516800808,110.75197903223784,104.09247953392291,10.255729790707889,0.5999356338033487,43.11430753106672,30.02328378223472,2.1733265966293818e-13,73.48749521723394,52.68601580169003,7.121199690787663e-14,64.20130680590992,55.14043660679123,1.5519193598534468e-13,7.11264569103435,2.2712206682256793
Qualificacao__R_822_Meio_-_Falta_ABC__m10p01_py,T2F,False,ABC,0.01,0.25,85.70462592812373,145.63741401914416,138.1910004983992,9.445462302779974,1.1806348912139373,76.07922610383409,1.2417530436765005,3.9575522377703804e-13,130.0259663302221,2.610669987098885,2.0746820437752025e-13,123.38110715695015,2.665077665829037,8.479145380858031e-14,5.468831884529367,0.11225932930087491
Qualificacao__R_822_Meio_-_Falta_ABC__m10p50_py,T2F,False,ABC,0.5,0.25,83.13328846230861,141.16777747004988,133.50754000514792,9.445413354790611,1.1453820394558478,74.33438215327618,1.4200018726307149,4.4603499217916915e-13,127.03355245761607,3.538941161751848,3.146152576380632e-13,120.24407601609425,3.655830772320597,2.0774669597530586e-13,5.340432946517211,0.15215828985989127
Qualificacao__R_822_Meio_-_Falta_ABC__m10p99_py,T2F,False,ABC,0.99,0.25,80.7292235785908,136.97480273033378,129.11416469627605,9.445365699373163,1.112428379542249,72.68114750836173,1.763758666351405,3.9251010711167276e-13,124.19773805628815,4.41287400414777,1.2809491335957507e-13,117.27137830137755,4.583025679892673,5.419121800906191e-14,5.218799560162315,0.18966536034136947
Qualificacao__R_822_Meio_-_Falta_AC__m10p01_py,T2F,False,AC,0.01,0.25,78.2358846496357,121.96050404781693,114.06539265057467,9.45791716873189,0.639525697065017,44.48517244618888,31.237580283876753,2.34995889760321e-13,75.83043826330794,54.57861739909302,2.1872203851321493e-13,66.58609881722137,57.19663177801063,3.943374375600162e-14,7.368701822356772,2.3459876118350027
Qualificacao__R_822_Meio_-_Falta_AC__m10p50_py,T2F,False,AC,0.5,0.25,76.55801312818683,119.34692980984762,111.34385662466072,9.491989881377377,0.6269270853384724,43.75239121917456,30.477907257022853,2.2814955595596974e-13,74.56657091572485,53.260058554020155,1.9525565558317273e-13,65.25908479449595,55.818784272172564,5.0850746268887585e-14,7.324391281124975,2.425185820484914
Qualificacao__R_822_Meio_-_Falta_AC__m10p99_py,T2F,False,AC,0.99,0.25,74.95261833972614,116.84652062794342,108.74013893435664,9.525961708804362,0.6148664833534645,43.04892024436158,29.749143685187796,3.7911777429455527e-13,73.353176491151,51.99516834749941,7.674967120774517e-14,63.985542937052394,54.49702072652861,1.5411395714083106e-13,7.282545345296938,2.500922608199936
Qualificacao__R_822_Meio_-_Falta_BC__m10p01_py,T2F,False,BC,0.01,0.25,85.70343481325816,123.90190805355435,116.22181457182111,9.500176293382626,1.1821243683758254,44.544268450239585,32.06730246356548,2.33403044303902e-13,74.58393964634996,54.08299106187405,2.438495068917016e-14,65.46867199486127,56.43990108538024,3.342326574415857e-14,7.184499507928368,2.178625546324567
Qualificacao__R_822_Meio_-_Falta_BC__m10p50_py,T2F,False,BC,0.5,0.25,83.12987477210547,120.18592128716166,112.32666806874185,9.503805764981013,1.1468168425188294,43.391118524334104,30.914587067027952,1.464976944699795e-13,72.62361960479844,52.12129668463837,1.0218341642711407e-13,63.41422998629045,54.38504671586989,1.968294580786138e-14,7.101459110658083,2.243519027050738
Qualificacao__R_822_Meio_-_Falta_BC__m10p99_py,T2F,False,BC,0.99,0.25,80.72380669255006,116.71246646710291,108.68514245251012,9.507248962948216,1.1138084323920963,42.313223129520324,29.837105936758363,1.7222927469087207e-13,70.79126222459156,50.28764335831496,1.40731365334463e-13,61.493866384873876,52.46430761578274,9.048625662338045e-14,7.023915015462244,2.3052189982389697
Qualificacao__Sem_Falta_py,T2F,False,Normal,0.5,0.25,15.0053273523478,23.83163587467584,10.496033653054127,10.487586147536112,0.21555668242221238,12.965216927922881,0.49996664015149866,4.1739136114380216e-14,21.01124241361465,0.34971050489674266,3.0315391380987954e-14,9.273790546714466,0.1403397569354098,2.1620451242961953e-14,9.266766380632406,0.14025120197399896
Qualificacao_sem_terra__A_818_1_-_Falta_A_py,T2F,True,A-G,0.5,0.25,14.880039657394706,23.88926316606572,10.513562574922272,10.505108998568513,2.746819306467122e-14,12.991475491747082,0.5224820997082936,4.620045786682937e-14,21.048934499436903,0.3941861402413442,1.9461266292761547e-14,9.287163071995746,0.15901181659995003,1.432144669219779e-14,9.280128766277041,0.15890922640916028
Qualificacao_sem_terra__A_818_2_-_Falta_A_py,T2F,True,A-G,0.5,0.25,14.880028037379457,23.871151975206402,10.51334505892646,10.504891671284946,1.1569307604745801e-14,12.995499075206363,0.5185521374495625,3.3179801368329e-14,21.04131178063266,0.3883125027625139,1.2560739669470201e-14,9.287012859841793,0.1591989138314565,2.6148940751075076e-14,9.279978668264606,0.15909618093596928
Qualificacao_sem_terra__A_820_-_Falta_A_py,T2F,True,A-G,0.5,0.25,14.87934482561885,23.888070261980637,10.513289491647106,10.504836113894559,2.4174778843910106e-14,12.991179433629938,0.5221494845567399,2.2993740646564238e-14,21.048449581739078,0.39366569801614965,1.3528330643921842e-14,9.287050892191465,0.15889870710649615,9.478527943911128e-15,9.280016671241947,0.15879620192162047
Qualificacao_sem_terra__A_822_-_Falta_A_py,T2F,True,A-G,0.5,0.25,14.879243185724013,23.887900577305313,10.530069370696697,10.521614057126165,3.1527553875640235e-14,12.991138167423971,0.5221030581733391,3.655825044867131e-14,21.04838218576687,0.3935936043045874,1.949951169430988e-14,9.293992755643874,0.16443515318066512,7.105427357601002e-15,9.28695688735838,0.16433511876703594
Qualificacao_sem_terra__Sem_Falta_py,T2F,True,Normal,0.5,0.25,14.87091077420559,23.872310209035152,10.51385630500566,10.505402560515032,2.850264432926945e-14,12.987138474014834,0.5185474934959903,7.199786565877462e-14,21.041891410732365,0.3882712009287485,2.755898672492245e-14,9.287268874104692,0.15916403895234396,1.7081887592420314e-14,9.280234488593253,0.15906133428928804
Qualificacao_SR__R_818_1_-_Falta_AB_py,T2F,False,AB,0.5,0.25,100.67182439639467,157.52712798697428,10.034759788209968,10.03118669844809,0.009924544622420345,51.53618700375727,39.840987371090336,1.411947327445564e-12,91.94302569819233,72.06239517183782,1.620357055011618e-13,7.687766995868453,1.6228059510470385,2.6215895004193233e-14,7.681941757282699,1.6215659955694175
Qualificacao_SR__R_818_1_-_Falta_ABC_py,T2F,False,ABC,0.5,0.25,100.55925074097188,185.9166865222814,10.034703248443606,10.031130172406334,0.009168789499999639,86.47715331785817,5.067565442967878,4.4688311751204434e-13,155.27183074636773,8.959090644222455,1.2106371074985502e-13,6.3818669894507725,0.3087390564402537,1.308314917132297e-13,6.3770335812700845,0.30851610924880557
Qualificacao_SR__R_818_1_-_Falta_AC_py,T2F,False,AC,0.5,0.25,88.97710278986955,143.1449030914477,10.034749391608896,10.031176297913392,0.009284765245782386,47.800808918027755,36.301356906135574,1.8930867814700725e-13,85.21937650625864,65.79349556950584,4.6359548214675265e-14,7.433531377474332,1.5966746305404425,9.764398702902565e-14,7.427900754000326,1.5954656069996787
Qualificacao_SR__R_818_1_-_Falta_BC_py,T2F,False,BC,0.5,0.25,83.7131268460653,131.85055058928532,10.192834068329711,10.184696448261665,0.010670240294109304,47.870028625528846,35.8197645011972,3.454079068231246e-13,85.3117912931191,65.08409788215205,5.407139474782739e-14,7.4964822411341325,1.8508345719951118,8.467197416543408e-14,7.4908070682048065,1.8494446933058162
Qualificacao_SR__R_818_2_-_Falta_AB_py,T2F,False,AB,0.5,0.25,114.3372503453621,22.685877215771797,10.034671718478762,10.03109865642457,0.009671105557211386,83.09971108344874,29.79576952059164,6.178300857180258e-13,14.805198323974363,3.1634679011030364,8.046897027110551e-14,6.5356524984813,1.3866878674663516,3.3019326037712996e-13,6.530702762154215,1.3856400867119436
Qualificacao_SR__R_818_2_-_Falta_ABC_py,T2F,False,ABC,0.5,0.25,151.82700865883703,22.685790854459675,10.034633328104665,10.03106026888251,0.008099638662033847,124.71121515611368,10.643279061572581,1.1801346534801633e-12,10.895779236345613,0.8222746958569753,6.447880348257061e-14,4.808880217874028,0.35359351037955716,1.0585958265706878e-13,4.805238377265586,0.3533342216127961
Qualificacao_SR__R_818_2_-_Falta_AC_py,T2F,False,AC,0.5,0.25,122.01274505309051,22.685998917030417,10.03472532216823,10.03115222782743,0.008595826881721998,65.58552706927357,54.20808050782994,2.0816518220459448e-13,14.772217776295617,5.328081907654993,1.4834972711082345e-13,6.517681248711958,2.358756325372706,1.2419836050073768e-13,6.512744515128355,2.3569706397340693
Qualificacao_SR__R_818_2_-_Falta_BC_py,T2F,False,BC,0.5,0.25,114.90307553160453,22.685876191975552,10.034671262920691,10.031098201143893,0.009665578844946683,83.2272781626508,30.005683476293534,5.909928496582573e-14,14.83733972217732,3.1968596598375005,1.3846763598111875e-13,6.549813530530906,1.4012940141137027,1.4764621284570885e-13,6.544853111243176,1.4002353447846174
Qualificacao_SR__R_818_2_Meio_-_Falta_AB__m10p01_py,T2F,False,AB,0.01,0.25,13.317318999459456,22.72522246881353,10.03479302716845,10.031216321496988,0.01072781361798521,11.767529634027298,0.08662457746128417,4.2223520054579607e-14,20.090544959639548,0.048196308223633966,2.020592348935626e-14,8.867607393802606,0.02158491338556748,1.590200445633128e-14,8.86087692487877,0.021574652742846024
Qualificacao_SR__R_818_2_Meio_-_Falta_AB__m10p50_py,T2F,False,AB,0.5,0.25,13.317266746808842,22.724887151764058,10.034773597934308,10.0312005048978,0.01072781619855614,11.767401645166652,0.08656894351911314,3.7341069555972605e-14,20.090330615795047,0.04811995682091388,1.7349186175370347e-14,8.867534793042916,0.021583348337236567,1.1712136709275758e-14,8.860818092615553,0.021573534008504508
Qualificacao_SR__R_818_2_Meio_-_Falta_AB__m10p99_py,T2F,False,AB,0.99,0.25,13.317214970846928,22.724557290829686,10.034754272089442,10.03118479179577,0.01072781873732528,11.767275404407057,0.08651466998592733,4.4801927946562956e-14,20.09011930393309,0.04804565670360462,2.9813938648905443e-14,8.86746373292372,0.02158194703224691,1.9611565896202395e-14,8.860760799752313,0.021572562564641823
Qualificacao_SR__R_818_2_Meio_-_Falta_ABC__m10p01_py,T2F,False,ABC,0.01,0.25,13.317318999459456,22.72522246881353,10.03479302716845,10.031216321496988,0.01072781361798521,11.767529634027298,0.08662457746128417,4.2223520054579607e-14,20.090544959639548,0.048196308223633966,2.020592348935626e-14,8.867607393802606,0.02158491338556748,1.590200445633128e-14,8.86087692487877,0.021574652742846024
Qualificacao_SR__R_818_2_Meio_-_Falta_ABC__m10p50_py,T2F,False,ABC,0.5,0.25,13.317266746808842,22.724887151764058,10.034773597934308,10.0312005048978,0.01072781619855614,11.767401645166652,0.08656894351911314,3.7341069555972605e-14,20.090330615795047,0.04811995682091388,1.7349186175370347e-14,8.867534793042916,0.021583348337236567,1.1712136709275758e-14,8.860818092615553,0.021573534008504508
Qualificacao_SR__R_818_2_Meio_-_Falta_ABC__m10p99_py,T2F,False,ABC,0.99,0.25,13.317214970846928,22.724557290829686,10.034754272089442,10.03118479179577,0.01072781873732528,11.767275404407057,0.08651466998592733,4.4801927946562956e-14,20.09011930393309,0.04804565670360462,2.9813938648905443e-14,8.86746373292372,0.02158194703224691,1.9611565896202395e-14,8.860760799752313,0.021572562564641823
Qualificacao_SR__R_818_2_Meio_-_Falta_AC__m10p01_py,T2F,False,AC,0.01,0.25,13.317318999459456,22.72522246881353,10.03479302716845,10.031216321496988,0.01072781361798521,11.767529634027298,0.08662457746128417,4.2223520054579607e-14,20.090544959639548,0.048196308223633966,2.020592348935626e-14,8.867607393802606,0.02158491338556748,1.590200445633128e-14,8.86087692487877,0.021574652742846024
Qualificacao_SR__R_818_2_Meio_-_Falta_AC__m10p50_py,T2F,False,AC,0.5,0.25,13.317266746808842,22.724887151764058,10.034773597934308,10.0312005048978,0.01072781619855614,11.767401645166652,0.08656894351911314,3.7341069555972605e-14,20.090330615795047,0.04811995682091388,1.7349186175370347e-14,8.867534793042916,0.021583348337236567,1.1712136709275758e-14,8.860818092615553,0.021573534008504508
Qualificacao_SR__R_818_2_Meio_-_Falta_AC__m10p99_py,T2F,False,AC,0.99,0.25,13.317214970846928,22.724557290829686,10.034754272089442,10.03118479179577,0.01072781873732528,11.767275404407057,0.08651466998592733,4.4801927946562956e-14,20.09011930393309,0.04804565670360462,2.9813938648905443e-14,8.86746373292372,0.02158194703224691,1.9611565896202395e-14,8.860760799752313,0.021572562564641823
Qualificacao_SR__R_818_2_Meio_-_Falta_BC__m10p01_py,T2F,False,BC,0.01,0.25,13.317318999459456,22.72522246881353,10.03479302716845,10.031216321496988,0.01072781361798521,11.767529634027298,0.08662457746128417,4.2223520054579607e-14,20.090544959639548,0.048196308223633966,2.020592348935626e-14,8.867607393802606,0.02158491338556748,1.590200445633128e-14,8.86087692487877,0.021574652742846024
Qualificacao_SR__R_818_2_Meio_-_Falta_BC__m10p50_py,T2F,False,BC,0.5,0.25,13.317266746808842,22.724887151764058,10.034773597934308,10.0312005048978,0.01072781619855614,11.767401645166652,0.08656894351911314,3.7341069555972605e-14,20.090330615795047,0.04811995682091388,1.7349186175370347e-14,8.867534793042916,0.021583348337236567,1.1712136709275758e-14,8.860818092615553,0.021573534008504508
Qualificacao_SR__R_818_2_Meio_-_Falta_BC__m10p99_py,T2F,False,BC,0.99,0.25,13.317214970846928,22.724557290829686,10.034754272089442,10.03118479179577,0.01072781873732528,11.767275404407057,0.08651466998592733,4.4801927946562956e-14,20.09011930393309,0.04804565670360462,2.9813938648905443e-14,8.86746373292372,0.02158194703224691,1.9611565896202395e-14,8.860760799752313,0.021572562564641823
Qualificacao_SR__R_820_-_Falta_AB_py,T2F,False,AB,0.5,0.25,75.76501771376122,118.56256476921459,10.034754923877609,10.031181835321114,0.010140952383735958,40.25935747146116,28.570968256541928,4.807145299879294e-13,71.52022843857897,51.648164685782575,2.8572423518001687e-14,6.945328834454091,2.130193930556638,1.2681648009438312e-13,6.9400645781355745,2.12856857584885
Qualificacao_SR__R_820_-_Falta_ABC_py,T2F,False,ABC,0.5,0.25,75.69256130196825,139.9358674360916,10.03467903211047,10.031105961664295,0.009525180998220584,70.19922556731133,1.8926888585153394,1.4437992162781342e-13,125.84774738324522,3.63550007475696,1.0214319992843846e-13,5.297203645591409,0.15541074714242017,9.551589361407667e-14,5.293191045561435,0.15528545325636378
Qualificacao_SR__R_820_-_Falta_AC_py,T2F,False,AC,0.5,0.25,73.65457151559727,118.3151614442826,10.034741387431195,10.031168293369545,0.009558324526496673,41.31305315252454,29.406392126415284,1.0826591748216809e-13,73.55842606936834,53.3050720153115,1.0712485654913822e-13,7.062244710661099,2.2251013352665217,9.713728912503278e-14,7.056895586640173,2.2234172647349477
Qualificacao_SR__R_820_-_Falta_BC_py,T2F,False,BC,0.5,0.25,71.06193896632352,112.17252707657508,10.034654258609562,10.03108120283584,0.010679702656626211,41.3725648892421,29.672720562264203,3.396100269305657e-13,73.63940614283243,53.931559118742236,1.00587485897367e-13,6.959660032372158,2.0136010786665723,9.423159582428332e-14,6.954391498275354,2.012086094741945
Qualificacao_SR__R_820_Meio_-_Falta_AB__m10p01_py,T2F,False,AB,0.01,0.25,83.56425830266525,131.61876066774826,10.189017406524464,10.18085885509712,0.010670334573628926,47.79374016148231,35.74728302646975,7.238086802360633e-13,85.17473461268469,64.95258762853757,1.1097294824693496e-14,7.490293939971156,1.8525159185622158,2.0620813289418245e-14,7.484610656135329,1.8511166746567809
Qualificacao_SR__R_820_Meio_-_Falta_AB__m10p50_py,T2F,False,AB,0.5,0.25,76.86485558759014,121.19454729134776,10.03466946716587,10.031096406752027,0.010675057729126742,44.35444024486391,32.4908907365719,6.829264904515953e-13,78.99635024319538,59.044539399374244,4.212480006704863e-14,7.207227156021901,1.9332609479090603,2.1668848493557394e-13,7.201771080826555,1.9318076083687459
Qualificacao_SR__R_820_Meio_-_Falta_AB__m10p99_py,T2F,False,AB,0.99,0.25,71.16880939748953,112.33880776706972,10.034635235503558,10.031065792203243,0.010679614178628402,41.427427715084136,29.724689121068888,4.280065770701078e-13,73.73798445918484,54.025851274724715,7.14382674923792e-14,6.964203494080813,2.0119843373291806,4.35058867058609e-14,6.958943505708528,2.010478303946863
Qualificacao_SR__R_820_Meio_-_Falta_ABC__m10p01_py,T2F,False,ABC,0.01,0.25,100.22762863765682,185.31296410910204,10.034722433208788,10.031145744529624,0.00917317029282134,86.27160051103633,4.965730958374185,1.4509615932696644e-12,154.90009197810343,8.774829233632808,7.84691657283086e-14,6.368162701059333,0.3019822514401298,1.8722689666715245e-13,6.363329612414062,0.3017594532460819
Qualificacao_SR__R_820_Meio_-_Falta_ABC__m10p50_py,T2F,False,ABC,0.5,0.25,86.32491617300963,159.77741623080996,10.034691086168195,10.031118012968886,0.00936560324544483,77.39308219672012,1.001792906954714,1.2710685198998413e-12,138.84833265422807,1.6337806134339197,3.2303059842436227e-14,5.775372445620965,0.048758815289407766,9.391305625735549e-14,5.770997961752751,0.048730644411147966
Qualificacao_SR__R_820_Meio_-_Falta_ABC__m10p99_py,T2F,False,ABC,0.99,0.25,75.8779962360735,140.28434587771102,10.03465994469585,10.03109048682501,0.009522298222165677,70.32819418949616,1.8496972944164576,7.394387472598656e-13,126.08079740018039,3.5575479642473016,7.653194647756942e-14,5.305763283380671,0.15259692938370856,1.7512143075746012e-13,5.301752329030024,0.1524708835827354
Qualificacao_SR__R_820_Meio_-_Falta_AC__m10p01_py,T2F,False,AC,0.01,0.25,88.79479744441936,142.84936790888847,10.034768739941459,10.031192033602533,0.00928795582281351,47.724610615824204,36.21996224051976,2.2363682788432985e-13,85.08241130949173,65.64605476337358,6.911577994330731e-14,7.4289627569135845,1.6042028756807307,6.169768611980637e-14,7.423324131080043,1.602986641229822
Qualificacao_SR__R_820_Meio_-_Falta_AC__m10p50_py,T2F,False,AC,0.5,0.25,80.63842057874864,129.6295647421413,10.034745457228732,10.031172363266277,0.009432330223280713,44.290071503267626,32.56447758709139,4.3094708182254164e-14,78.9093931818018,59.02497429458464,7.66107876611122e-14,7.226752380747373,1.9397353616008213,1.0639085733355819e-13,7.221278480988289,1.9382669223612587
Qualificacao_SR__R_820_Meio_-_Falta_AC__m10p99_py,T2F,False,AC,0.99,0.25,73.78243887432647,118.52215784916882,10.034722145413049,10.031152663948708,0.009555999734805571,41.36782473784565,29.46454994543776,2.9081179260346494e-13,73.65689068556473,53.41041267995353,3.848887019377639e-14,7.065138589494165,2.219850419537955,3.694224365184592e-14,7.059798234525995,2.218173055571928
Qualificacao_SR__R_820_Meio_-_Falta_BC__m10p01_py,T2F,False,BC,0.01,0.25,100.33964833203507,157.00725164598828,10.03477916745728,10.031202465070812,0.009927329056170142,51.3858480586199,39.690655744012936,8.534578690686709e-13,91.67072028400189,71.79006410756135,6.43042266320431e-14,7.677865658703187,1.6283399908981675,7.003167782490094e-14,7.672036897335233,1.627096721918299
Qualificacao_SR__R_820_Meio_-_Falta_BC__m10p50_py,T2F,False,BC,0.5,0.25,86.41416776558007,135.21666379276473,10.034757344237265,10.031184255088547,0.010046586077173963,45.08131221053525,33.38984915593543,6.414176145278297e-13,80.25276909052126,60.37692760516841,2.4284096694309056e-14,7.261635488095843,1.8939022377388628,5.339012132792246e-14,7.256132233368333,1.8924560018597336
Qualificacao_SR__R_820_Meio_-_Falta_BC__m10p99_py,T2F,False,BC,0.99,0.25,75.95073477024927,118.85286703963814,10.03473564824098,10.031166172225184,0.010139283977818497,40.34341398742417,28.655043859743408,2.0593825454263871e-13,71.67247319557518,51.80047257776331,8.950598163574225e-15,6.950815144167793,2.1258614807682656,9.615554100127935e-14,6.9455561004892274,2.124238548077011
Qualificacao_SR__R_822_-_Falta_AB_py,T2F,False,AB,0.5,0.1608,71.20151998534487,111.44716461908006,103.75810729696752,103.75162300879872,0.010461742442253456,12.301751468462667,1.6849109907441098,2.2993740646564238e-14,20.760856631335823,3.1180047272242835,2.6281011170174586e-14,9.887047762909127,3.3064396178470545,5.033011044967376e-15,9.882823280783374,3.3066268457032066
Qualificacao_SR__R_822_-_Falta_ABC_py,T2F,False,ABC,0.5,0.1592,71.1360730765869,131.3547278103837,123.81616387953666,123.81114109090836,0.010074740150336372,12.66472122156555,0.8585423880274172,1.2754632448601208e-14,21.73711789995593,1.7373275988856591,1.432144669219779e-14,10.643905445054456,1.892332518851237,9.533850561226496e-15,10.640511457474798,1.8924231680458519
Qualificacao_SR__R_822_-_Falta_AC_py,T2F,False,AC,0.5,0.1595,70.46716933813603,113.19078994229132,105.45898360207468,105.45524737548021,0.012022325364233285,12.96916516177997,1.2502860552835273,4.9977084032115215e-14,22.362933654334544,2.31886150555984,1.2976054009553149e-14,11.303607560355006,2.493754003468818,1.4074506684859869e-14,11.300411901854234,2.4938208292852764
Qualificacao_SR__R_822_-_Falta_BC_py,T2F,False,BC,0.5,0.15940000000000001,68.32981343795889,107.85742734111417,101.26737014905243,101.26452002608015,0.010765651722799462,12.793327398214084,1.210930516630507,4.3106909978029495e-15,21.800427687146207,2.325307328125144,1.008342231396758e-14,10.773489073648372,2.5152849517197318,2.4456734626292802e-14,10.769893424736788,2.515385234001162
Qualificacao_SR__R_822_Meio_-_Falta_AB__m10p01_py,T2F,False,AB,0.01,0.25,71.03390995601077,112.12805702510362,105.68226045091227,10.031096925326482,0.010679721787223553,41.35844755516938,29.658822401812287,8.272730268086063e-14,73.61405675797823,53.90633544287046,1.459257892667112e-13,64.85863824818715,56.23824236484731,2.4278681978712893e-15,6.95303811098498,2.012626253045901
Qualificacao_SR__R_822_Meio_-_Falta_AB__m10p50_py,T2F,False,AB,0.5,0.25,69.66700852924248,109.96911409021396,103.4505965215937,10.031076622049794,0.010680746367061818,40.66552002906567,28.98542610113102,4.591667681496435e-13,72.37051468522974,52.68450141271897,2.0074840847823423e-13,63.5525569875669,54.96398287731944,1.0741085019148344e-13,6.885851924716703,2.0367150047856377
Qualificacao_SR__R_822_Meio_-_Falta_AB__m10p99_py,T2F,False,AB,0.99,0.25,68.35552386170826,107.89823405192908,101.30987267661578,10.031056429869206,0.010681751400370414,40.00048249079613,28.33950174194178,6.78228249894931e-14,71.17694985577,51.51251216904589,1.1229672803977733e-13,62.29944137265786,53.74170362264912,1.1065378762058753e-13,6.821222366652306,2.060283652230814
Qualificacao_SR__R_822_Meio_-_Falta_ABC__m10p01_py,T2F,False,ABC,0.01,0.25,75.64466664733534,139.84589481136277,132.70184218522635,10.031121705821318,0.009525906385053998,70.16583369334582,1.9037458010587631,1.546054204516886e-13,125.78742816156158,3.655559884897662,5.825680146286933e-14,119.36072250199209,3.661082567192762,6.486878579773371e-14,5.290581363001593,0.15615343475577542
Qualificacao_SR__R_822_Meio_-_Falta_ABC__m10p50_py,T2F,False,ABC,0.5,0.25,73.33502123824148,135.50390677088905,128.1585417334278,10.031102409633334,0.00956113919554902,68.54567578710743,2.4319516095020495,2.359933869813091e-13,122.8622199049362,4.612441439990644,2.1744878030032883e-13,116.29822102099519,4.668706116174664,1.2898037457442566e-13,5.165101430664425,0.19719617219484872
Qualificacao_SR__R_822_Meio_-_Falta_ABC__m10p99_py,T2F,False,ABC,0.99,0.25,71.17768875030073,131.43347160274675,123.89957590284533,10.031083221918287,0.009594674801417588,67.01114819383058,2.9107492123008702,1.4060051095210069e-13,120.09187355865782,5.4788431056896245,1.6980501346528285e-13,113.39800398492686,5.580275232695075,1.376368518718867e-13,5.046308469039691,0.23433328581641996
Qualificacao_SR__R_822_Meio_-_Falta_AC__m10p01_py,T2F,False,AC,0.01,0.25,73.62187508669194,118.26271892883257,110.73421414896201,10.03118408779119,0.00955891022772102,41.298960913035096,29.391715654443807,2.4823840933142837e-13,73.53311069317888,53.27848184940078,3.615321380928016e-14,64.6640899119291,55.71057061786278,3.539984990857197e-14,7.056019373707565,2.2250562567585805
Qualificacao_SR__R_822_Meio_-_Falta_AC__m10p50_py,T2F,False,AC,0.5,0.25,72.02460248910334,115.69452099222767,108.0634758250166,10.031167196409612,0.00958761378885039,40.6070726006854,28.678461593010898,3.043942925063671e-13,72.29086000931746,51.98665892681048,6.65080325825204e-14,63.36195789842512,54.360663383651186,9.994232902377632e-14,7.012298916774263,2.3025047149619238
Qualificacao_SR__R_822_Meio_-_Falta_AC__m10p99_py,T2F,False,AC,0.99,0.25,70.4969608814305,113.23853132170147,105.50942588908896,10.031150403027242,0.009615186917796989,39.943073193518856,27.994469992969844,7.747433641925582e-14,71.09860778219539,50.747843396333124,3.757156856303919e-14,62.112706073621865,53.066142332071514,2.0309766178341343e-14,6.9710362565286506,2.3765020405860278
Qualificacao_SR__R_822_Meio_-_Falta_BC__m10p01_py,T2F,False,BC,0.01,0.25,75.71704600642441,118.48779467663317,111.13008593327314,10.031197637728608,0.010141359189833945,40.237530543390704,28.549069567266468,7.766515244762345e-13,71.4807222115084,51.60847977609345,1.4678848426901552e-13,62.68567080639937,53.93535827449049,4.647662273572072e-14,6.938383006590792,2.129936445386618
Qualificacao_SR__R_822_Meio_-_Falta_BC__m10p50_py,T2F,False,BC,0.5,0.25,73.4038364421513,114.88064344087103,107.35396943482715,10.031181123717262,0.010161071793771853,39.18299754124318,27.494815407370222,1.5406475302931336e-13,69.57318513870423,49.698778013301705,1.4700209992230024e-13,60.68969892193356,51.93857155203146,3.5528370347727884e-14,6.857441221369994,2.1946922596142913
Qualificacao_SR__R_822_Meio_-_Falta_BC__m10p99_py,T2F,False,BC,0.99,0.25,71.2432003416351,111.51209340852782,103.8270169615059,10.031164716669245,0.010179654883329777,38.198313002106495,26.510406214559357,9.69213890705855e-14,67.79202936582861,47.91559724263481,2.1379758110717606e-13,58.825943988783024,50.074068384353424,1.0605790869300939e-13,6.781938964099321,2.256062963403811
Qualificacao_SR__Sem_Falta_py,T2F,False,Normal,0.5,0.25,13.317266746808842,22.724887151764058,10.034773597934308,10.0312005048978,0.01072781619855614,11.767401645166652,0.08656894351911314,3.7341069555972605e-14,20.090330615795047,0.04811995682091388,1.7349186175370347e-14,8.867534793042916,0.021583348337236567,1.1712136709275758e-14,8.860818092615553,0.021573534008504508
Qualificacao_SR_sem_terra__A_818_1_-_Falta_A_py,T2F,True,A-G,0.5,0.25,13.328732009720937,22.741086124802667,10.03478307849989,10.03120997931846,2.0489288826014577e-14,11.77135471610859,0.09040400871950274,3.438880847220485e-14,20.097062288562714,0.05176380684338639,1.6833786484262107e-14,8.867429843123208,0.02158960534284482,1.1934538910164824e-14,8.86071322195191,0.021579666289530196
Qualificacao_SR_sem_terra__A_818_2_-_Falta_A_py,T2F,True,A-G,0.5,0.25,13.329422458012967,22.72376445362577,10.034747951597227,10.031174860836018,1.8456286772669558e-14,11.775157003150444,0.0871796438459561,4.596078982957633e-14,20.089772456719643,0.04830056420481186,1.2084159825059348e-14,8.8672882743026,0.02175352633505621,1.6877986787424515e-14,8.860571760646943,0.021743548538100975
Qualificacao_SR_sem_terra__A_820_-_Falta_A_py,T2F,True,A-G,0.5,0.25,13.328735346586523,22.739952207770404,10.034787144731968,10.031214043101862,4.046014499914536e-14,11.77108945960952,0.09008694815204311,5.068759529799322e-14,20.096602269747027,0.05137740418655846,1.9051605381525114e-14,8.867323721945683,0.021628319160412097,1.2076904249607843e-14,8.860607180886724,0.021618252648177756
Qualificacao_SR_sem_terra__A_822_-_Falta_A_py,T2F,True,A-G,0.5,0.25,13.328735804903626,22.7397942184812,10.034684684394596,10.031111459410363,3.8661558594687236e-14,11.771052513422251,0.09004290566560248,2.0132044179869503e-14,20.096538223013305,0.05132421853661318,2.608349487985222e-14,8.87396899349327,0.019870791050271886,2.7271240001144644e-14,8.867250930549693,0.019870080464342257
Qualificacao_SR_sem_terra__Sem_Falta_py,T2F,True,Normal,0.5,0.25,13.328733497298597,22.724879760895867,10.034771664115397,10.031198571669453,1.303859667586427e-14,11.767442966225978,0.08653445408310749,2.3356822163260462e-14,20.0903271801487,0.04812314215999702,8.881784197001252e-16,8.86753327404494,0.021585470499436425,1.1061694785201228e-14,8.860816574769302,0.021575654548000468
